id;company_name;contact_person;address;postal_code;email;phone_number;mobile_number;website_url;fax;reg_number;gstin;pan;tan;created_on;created_by;deleted;last_modified;last_modified_by
1;Isle;benchmark;Loan payment;transparent Rue;Arvid23@hotmail.com;Representative;teal reboot invoice;Analyst schemas Electronics;Research Automotive explicit;Steel JBOD Greece;Rubber Central standardization;Towels Tuna architecture;Philippines;2023-02-07T22:59:47;tan Computer Hat;Southern middleware;2023-02-07T10:03:00;viral
2;Concrete Synergized;Central Investment Extensions;Car;Bacon architectures;Lukas.Schuster@hotmail.com;definition Computer;quantify;interactive local;Sausages Azerbaijanian;International Montserrat;bandwidth structure payment;eco-centric Borders;Pants;2023-02-07T12:49:32;unleash Buckinghamshire;Account;2023-02-07T14:00:03;Gorgeous mobile bleeding-edge
3;interface Chips;target Assimilated blue;Buckinghamshire navigate;Avon;Audrey.Macejkovic@hotmail.com;District Personal Paradigm;Soap invoice quantifying;Shoes;Keyboard Jewelery;Electronics Coordinator connect;Soft Generic content-based;generate Account;copying Uzbekistan purple;2023-02-08T01:28:03;Gabon;web;2023-02-07T12:40:21;Fantastic Object-based
4;Operations;Bedfordshire killer input;GB;Music Gorgeous;Evangeline72@hotmail.com;Buckinghamshire RSS;Buckinghamshire Belize;National Ergonomic Integrated;bypassing ROI;Intranet Iowa;transmitting driver generating;Bedfordshire methodologies Spain;Internal deliver;2023-02-07T10:51:27;vortals;Generic Metal;2023-02-07T11:50:00;Gateway pixel services
5;compelling Home convergence;COM Granite;Idaho withdrawal;non-volatile Accountability Buckinghamshire;Lavina.Luettgen59@hotmail.com;transmitter Product;invoice;Ameliorated Salad;bricks-and-clicks Legacy;holistic capability Focused;Accountability Cameroon;navigate indexing COM;Arizona;2023-02-07T16:58:41;e-enable;cultivate Toys;2023-02-07T07:56:27;calculating
6;application Mouse deposit;Mission India JSON;empowering;Re-engineered deploy blue;Rex.Green34@gmail.com;Associate;info-mediaries;Cambridgeshire;hard Tasty Fish;Alaska Loan;Wisconsin Oklahoma;Concrete access;tan;2023-02-08T02:29:10;analyzer compress;Frozen Computer fuchsia;2023-02-07T12:23:55;Fork Montana deposit
7;application;virtual;Corporate Tuna Buckinghamshire;Tasty Division Louisiana;Chelsie.Gerhold@yahoo.com;next-generation East;ivory Chicken;index Practical;Serbia Canyon override;parse;Ball hacking;models SCSI;generate;2023-02-08T05:50:33;target;payment Right-sized Principal;2023-02-07T11:16:10;mobile
8;Associate Louisiana;reboot deposit Chips;Persistent Mountains Loan;throughput Horizontal benchmark;Drake_Shanahan12@hotmail.com;Face cross-platform;Markets;drive system Tasty;mesh indexing capability;invoice calculating;Summit Bedfordshire Chair;override Granite Ergonomic;Delaware;2023-02-08T00:54:33;array;magenta Enterprise-wide;2023-02-08T04:14:52;empowering
9;Handcrafted indexing magenta;olive;Harbors mobile;Forks reboot;Davonte_Kuvalis63@yahoo.com;internet;intranet PCI Optional;protocol;markets;input;Island invoice;Springs;Accounts;2023-02-08T05:00:58;Dynamic;recontextualize Customer;2023-02-07T11:28:40;Jamaica
10;blue grid-enabled Bulgaria;fuchsia card scalable;Run;Games Principal;Lauretta38@hotmail.com;Avon;complexity Zambia Jewelery;product Designer;Tennessee digital;Manager;Ports Fish discrete;cohesive Soft Plains;mission-critical;2023-02-08T03:04:40;Incredible Dalasi;Sausages Intranet Lane;2023-02-08T01:16:30;hacking hybrid
