id;district_name;lgd_code;created_on;created_by;deleted;last_modified;last_modified_by
1;Executive Buckinghamshire plum;89832;2023-02-08T00:07:08;navigating;Fresh cohesive;2023-02-08T01:22:05;XSS matrix copying
2;Cotton frictionless Soft;20289;2023-02-07T08:59:43;Response;Expanded Computer Indiana;2023-02-07T12:59:59;Idaho Islands Kwacha
3;Factors;49643;2023-02-07T12:14:10;scale Games;navigate Berkshire Bedfordshire;2023-02-08T04:57:00;District Advanced
4;scale Norwegian;9203;2023-02-08T03:09:23;haptic;JBOD;2023-02-08T02:51:03;Customer
5;driver Seamless;47979;2023-02-07T23:00:44;alarm Buckinghamshire;Analyst interactive Ridges;2023-02-07T08:36:25;Utah
6;methodologies Group orange;59419;2023-02-07T17:01:37;Bedfordshire actuating;Small;2023-02-08T02:36:56;bypassing solid
7;utilisation withdrawal;38415;2023-02-08T02:52:14;concept;withdrawal Chair;2023-02-07T18:07:32;Facilitator
8;Avon Industrial;37127;2023-02-08T01:08:25;envisioneer mission-critical Comoros;online SAS;2023-02-08T02:48:41;Director Kyrgyz Frozen
9;high-level;58134;2023-02-07T14:25:10;connecting;Loti calculate;2023-02-08T04:13:28;Djibouti Loan
10;Hampshire;73550;2023-02-07T10:12:05;Loan tan incremental;Account Bedfordshire Rand;2023-02-07T11:26:43;Cambridgeshire magnetic system
