id;institution;subject;start_date;end_date;degree;grade;description;last_modified;last_modified_by;created_by;created_on;deleted;employee_id
1;neural Cotton;morph;2023-02-07T21:13:44;2023-02-07T07:17:33;SSC;Virginia Fantastic;Cross-group Devolved digital;2023-02-07T10:13:53;Ergonomic;Cambridgeshire Australia Branding;2023-02-07T21:15:59;false;98554
2;Valleys;Island Indiana;2023-02-07T12:25:48;2023-02-07T22:20:11;OTHER;withdrawal Andorra;programming Account Berkshire;2023-02-07T12:19:03;Berkshire Incredible;violet cyan drive;2023-02-08T03:24:21;true;7272
3;architect Sleek;Nebraska PNG;2023-02-07T18:29:35;2023-02-08T03:38:58;OTHER;Maine Officer;connect Metal;2023-02-07T13:36:01;XML e-services Account;Chips Iraq;2023-02-08T01:56:46;false;20564
4;global synergistic;Utah;2023-02-07T17:25:06;2023-02-07T11:37:26;OTHER;Orchard Senior efficient;e-business invoice Cambridgeshire;2023-02-07T07:34:11;deposit;Salad Cotton;2023-02-07T22:25:15;true;80423
5;Egypt quantify Coordinator;Unbranded;2023-02-07T10:44:52;2023-02-07T07:21:44;PG;Kentucky Steel monitoring;virtual salmon Assistant;2023-02-07T07:24:18;Buckinghamshire card;Berkshire Fish;2023-02-07T17:43:20;true;40963
6;Islands connect;next-generation plum vertical;2023-02-07T15:44:10;2023-02-07T22:09:12;PG;Loan;Steel Texas Associate;2023-02-07T23:01:30;solution overriding copy;impactful mobile Rubber;2023-02-07T10:23:37;true;53720
7;River Object-based;up Analyst;2023-02-07T20:25:44;2023-02-08T03:04:59;HSC;Guiana Direct;Tala;2023-02-07T08:15:54;SQL;reintermediate Strategist;2023-02-07T17:31:54;true;4313
8;Loan Division frame;transmit;2023-02-07T23:06:08;2023-02-07T11:02:19;PG;Table New;interface primary;2023-02-07T23:58:34;Salad Tennessee Creative;Sports circuit indexing;2023-02-07T15:41:41;true;56981
9;compress invoice;Mexico transmit models;2023-02-07T10:37:49;2023-02-07T13:02:13;PG;Electronics Personal JBOD;Lead;2023-02-07T20:57:03;RAM quantifying IB;Baby;2023-02-08T01:14:59;false;76959
10;bandwidth networks Handcrafted;Fish;2023-02-07T23:20:37;2023-02-07T23:42:03;OTHER;Account SAS;Frozen Account;2023-02-07T17:01:40;indexing;online Ergonomic;2023-02-08T02:23:01;false;23515
