id;job_title;company_name;address;start_date;end_date;last_modified;last_modified_by;created_by;created_on;is_deleted;employee_id;year_of_exp;job_desc
1;Chief Tactics Developer;Usability;Incredible wireless;2023-02-07T12:34:13;2023-02-08T02:35:47;2023-02-07T07:11:23;cross-platform wireless;Jewelery;2023-02-07T08:32:51;false;92111;34461;neural multi-byte
2;Global Paradigm Liaison;River;microchip Uruguay;2023-02-07T11:19:47;2023-02-07T08:16:13;2023-02-07T17:22:15;Berkshire;silver;2023-02-07T07:30:50;true;95904;65411;recontextualize
3;Corporate Program Executive;deposit;multi-byte;2023-02-07T14:57:24;2023-02-07T20:47:28;2023-02-07T18:27:57;solutions Keyboard Dollar;Plastic Washington facilitate;2023-02-07T12:08:21;true;92723;51276;lime Colorado Gloves
4;Direct Assurance Assistant;access;Savings convergence Coordinator;2023-02-07T14:44:57;2023-02-07T20:38:09;2023-02-07T15:01:14;SMTP index Avon;Georgia Kids payment;2023-02-08T01:47:45;true;5721;67248;Fresh
5;Internal Research Director;Decentralized;Berkshire XML;2023-02-07T14:46:52;2023-02-07T20:10:01;2023-02-07T23:56:16;Steel Wooden Wooden;Parkway robust;2023-02-07T07:27:51;false;16154;23198;Rupee
6;District Usability Orchestrator;Internal Texas;Hryvnia parse;2023-02-07T23:13:52;2023-02-07T20:53:44;2023-02-07T15:42:58;expedite;Avon Berkshire deposit;2023-02-07T22:04:13;false;95289;30901;blockchains invoice
7;Lead Quality Liaison;Courts;Rial extend Assistant;2023-02-08T03:33:03;2023-02-07T20:32:07;2023-02-08T00:36:50;Cotton Grenada;Kids synthesize transmit;2023-02-08T03:52:38;true;89364;86571;extranet Dollar Soft
8;Future Markets Orchestrator;Innovative;Sausages;2023-02-07T22:46:28;2023-02-07T21:32:51;2023-02-07T14:38:33;clear-thinking;synthesize of bandwidth;2023-02-07T16:18:46;false;8277;52405;Utah
9;International Creative Administrator;moderator visualize Radial;back-end interfaces definition;2023-02-07T10:41:52;2023-02-07T16:45:33;2023-02-07T06:23:56;Bedfordshire policy bypass;connecting card;2023-02-07T08:11:33;false;63708;25502;Fresh Cambridgeshire Plaza
10;Regional Identity Strategist;Beauty;Hat;2023-02-07T09:26:56;2023-02-07T17:38:28;2023-02-08T03:26:57;Card;implement Dynamic portal;2023-02-07T21:38:15;false;67919;82778;matrix payment
